name,city,birth,id,qr,email,,,,,,,,,,,,,,
Liam,Tokyo,1/1/2000,243,273968164,iptvcorner@gmail.com,,,,,,,,,,,,,,
Noah,Delhi,1/2/2000,991,405677226,iptvcorner@gmail.com,,,,,,,,,,,,,,
Oliver,Shanghai,1/3/2000,743,980096476,iptvcorner@gmail.com,,,,,,,,,,,,,,
Elijah,Sao Paulo,1/4/2000,722,775294816,iptvcorner@gmail.com,,,,,,,,,,,,,,
James,Mexico ,1/5/2000,248,794793539,iptvcorner@gmail.com,,,,,,,,,,,,,,
William,Cairo,1/6/2000,161,270410759,iptvcorner@gmail.com,,,,,,,,,,,,,,
Benjamin,Mumbai,1/7/2000,175,738788542,iptvcorner@gmail.com,,,,,,,,,,,,,,
Lucas,Bejing,1/8/2000,998,163577442,iptvcorner@gmail.com,,,,,,,,,,,,,,
Henry,Dhaka,1/9/2000,203,142124100,iptvcorner@gmail.com,,,,,,,,,,,,,,
Theodore,Osaka,1/10/2000,148,354779619,iptvcorner@gmail.com,,,,,,,,,,,,,,
Olivia,New York,1/11/2000,155,462216556,iptvcorner@gmail.com,,,,,,,,,,,,,,
Emma,Karachi,1/12/2000,511,268497102,iptvcorner@gmail.com,,,,,,,,,,,,,,
Charlotte,Buenos Aires,1/13/2000,836,836501675,iptvcorner@gmail.com,,,,,,,,,,,,,,
Amelia,Chongqing,1/14/2000,542,43162857,iptvcorner@gmail.com,,,,,,,,,,,,,,
Ava,Istanbul,1/15/2000,554,352481537,iptvcorner@gmail.com,,,,,,,,,,,,,,
Sophia,Kolkata,1/16/2000,197,357091017,iptvcorner@gmail.com,,,,,,,,,,,,,,
Isabella,Manila,1/17/2000,882,474283114,iptvcorner@gmail.com,,,,,,,,,,,,,,
Mia,Lagos,1/18/2000,904,500860606,iptvcorner@gmail.com,,,,,,,,,,,,,,
Evelyn,Rio de Janeiro,1/19/2000,747,121060133,iptvcorner@gmail.com,,,,,,,,,,,,,,
Harper,Tianjin ,1/20/2000,748,663228552,iptvcorner@gmail.com,,,,,,,,,,,,,,
Jospeh,Kinshasa,1/21/2000,195,808341449,iptvcorner@gmail.com,,,,,,,,,,,,,,
,,,,,,,,,,,,,,,,,,,
,,,,,,,,,,,,,,,,,,,
,,,,,,,,,,,,,,,,,,,
,,,,,,,,,,,,,,,,,,,
,,,,,,,,,,,,,,,,,,,
,,,,,,,,,,,,,,,,,,,
,,,,,,,,,,,,,,,,,,,
,,,,,,,,,,,,,,,,,,,
,,,,,,,,,,,,,,,,,,,
,,,,,,,,,,,,,,,,,,,
,,,,,,,,,,,,,,,,,,,
,,,,,,,,,,,,,,,,,,,
,,,,,,,,,,,,,,,,,,,
,,,,,,,,,,,,,,,,,,,
,,,,,,,,,,,,,,,,,,,
,,,,,,,,,,,,,,,,,,,
,,,,,,,,,,,,,,,,,,,
,,,,,,,,,,,,,,,,,,,
,,,,,,,,,,,,,,,,,,,
,,,,,,,,,,,,,,,,,,,
,,,,,,,,,,,,,,,,,,,
,,,,,,,,,,,,,,,,,,,
,,,,,,,,,,,,,,,,,,,
,,,,,,,,,,,,,,,,,,,
,,,,,,,,,,,,,,,,,,,
,,,,,,,,,,,,,,,,,,,
,,,,,,,,,,,,,,,,,,,
,,,,,,,,,,,,,,,,,,,
,,,,,,,,,,,,,,,,,,,
,,,,,,,,,,,,,,,,,,,
,,,,,,,,,,,,,,,,,,,
,,,,,,,,,,,,,,,,,,,
,,,,,,,,,,,,,,,,,,,
,,,,,,,,,,,,,,,,,,,
